﻿<?xml version="1.0" encoding="utf-8"?>
<!--
***********************************************************************************************
(c) 2012 Gavin Pugh http://www.gavpugh.com/ - Released under the open-source zlib license
***********************************************************************************************
-->

<!-- Based on script: MSBuild\Microsoft.Cpp\v4.0\1033\lib.xml -->

<Rule Name="LIB" PageTemplate="tool" DisplayName="Librarian" SwitchPrefix="-" Order="40" xmlns="http://schemas.microsoft.com/build/2009/properties" xmlns:x="http://schemas.microsoft.com/winfx/2006/xaml" xmlns:sys="clr-namespace:System;assembly=mscorlib">
 
  <Rule.Categories>
    <Category Name="General" DisplayName="General" />
  </Rule.Categories>
  <Rule.DataSource>
    <DataSource Persistence="ProjectFile" ItemType="Lib" Label="" HasConfigurationCondition="true" />
  </Rule.DataSource>
  
  <!-- General -->
  <StringProperty Subtype="file" Name="OutputFile" DisplayName="Output File" Category="General">
  </StringProperty>
  <BoolProperty Name="EchoCommandLines" DisplayName="Echo Command Lines" Category="General">
  </BoolProperty>
  
</Rule>
